2019-10-27 01:23:39,1188264965930700801
2019-10-26 20:26:34,1188190202851926019
2019-10-26 20:26:34,1188190202004754432
2019-10-26 20:20:04,1188188568654696448
2019-10-26 20:20:04,1188188567773822977
2019-10-26 20:17:18,1188187872114946054
2019-10-26 20:17:18,1188187870877618176
2019-10-26 14:43:01,1188103745525243904
2019-10-26 14:41:18,1188103311653769216
2019-10-26 13:54:33,1188091546513616897
2019-10-26 12:18:29,1188067370478309378
2019-10-26 12:18:28,1188067369501052929
2019-10-26 12:18:28,1188067368620167168
2019-10-26 11:44:09,1188058730685972480
2019-10-26 11:29:04,1188054937839775744
2019-10-26 11:29:04,1188054936942198784
2019-10-26 11:23:09,1188053446215323650
2019-10-26 11:21:15,1188052969813614592
2019-10-26 11:12:22,1188050732999729152
2019-10-26 11:12:19,1188050720223911937
2019-10-26 11:09:29,1188050006319751174
2019-10-26 11:02:32,1188048259627081728
2019-10-26 11:02:32,1188048258255540224
2019-10-26 11:02:32,1188048257177587712
2019-10-26 11:02:31,1188048255797608449
2019-10-26 03:39:54,1187936868299608065
2019-10-26 03:28:34,1187934016235888641
2019-10-26 03:21:10,1187932151171469312
2019-10-26 03:20:08,1187931894362583041
2019-10-26 03:19:43,1187931787172990976
2019-10-26 03:19:33,1187931743724146689
2019-10-26 03:18:41,1187931525591060480
2019-10-26 03:17:39,1187931266454302720
2019-10-26 03:17:23,1187931200645664768
2019-10-26 02:23:14,1187917572102078465
2019-10-25 23:41:27,1187876859301761025
2019-10-25 23:40:48,1187876694859882503
2019-10-25 23:39:42,1187876420342689792
2019-10-25 23:38:28,1187876109544759296
2019-10-25 23:33:42,1187874908660998144
2019-10-25 23:30:35,1187874124976271362
2019-10-25 23:30:35,1187874122279337987
2019-10-25 22:39:16,1187861209942495234
2019-10-25 21:10:26,1187838852255244288
2019-10-25 21:10:25,1187838848732020737
2019-10-25 20:43:20,1187832036167303169
2019-10-25 20:42:20,1187831782500003840
2019-10-25 20:42:10,1187831740200448001
2019-10-25 20:41:49,1187831652975702016
2019-10-25 20:41:33,1187831587217395712
2019-10-25 20:41:00,1187831448377495552
2019-10-25 20:40:45,1187831383395205120
2019-10-25 20:40:31,1187831326239444993
2019-10-25 20:40:19,1187831276352368640
2019-10-25 20:40:00,1187831196467646464
2019-10-25 20:39:51,1187831158530134017
2019-10-25 20:39:37,1187831100208377856
2019-10-25 20:39:21,1187831030612250624
2019-10-25 20:38:27,1187830804325392385
2019-10-25 19:51:43,1187819045690773504
2019-10-25 17:57:25,1187790279765647361
2019-10-25 17:35:13,1187784694382743552
2019-10-25 17:30:21,1187783467389444096
2019-10-25 16:22:09,1187766306365411329
2019-10-25 12:54:24,1187714024378646531
2019-10-25 12:32:06,1187708412685107200
2019-10-25 12:32:06,1187708411309375488
2019-10-25 12:32:06,1187708410579603461
2019-10-25 12:15:58,1187704353324503040
2019-10-25 12:12:23,1187703447744843776
2019-10-25 02:10:02,1187551862616141824
2019-10-25 02:08:26,1187551461808492544
2019-10-25 02:08:24,1187551451775750144
2019-10-25 02:07:37,1187551256371515392
2019-10-25 02:07:23,1187551194308403201
2019-10-25 01:52:32,1187547459700121600
2019-10-24 22:01:07,1187489220501430272
2019-10-24 21:24:34,1187480024024264704
2019-10-24 15:48:47,1187395521805275137
2019-10-24 15:25:23,1187389630271934464
2019-10-24 14:28:54,1187375419022069761
2019-10-24 14:20:02,1187373187820130306
2019-10-24 04:40:13,1187227271935021057
2019-10-24 04:32:45,1187225389892022273
2019-10-24 04:29:33,1187224585663635456
2019-10-24 04:26:47,1187223889170042881
2019-10-24 04:26:23,1187223788972335104
2019-10-24 04:20:27,1187222295556874241
2019-10-24 03:59:32,1187217033164967939
2019-10-23 21:19:33,1187116372997922821
2019-10-23 21:12:06,1187114497384898560
2019-10-23 19:01:02,1187081515051601920
2019-10-23 18:58:44,1187080935373713408
2019-10-23 18:58:41,1187080923961012228
2019-10-23 17:52:08,1187064174737809409
2019-10-23 17:51:21,1187063975600627712
2019-10-23 17:50:34,1187063779416256512
2019-10-23 17:48:40,1187063301731209220
2019-10-23 17:46:48,1187062834288648192
2019-10-23 17:46:35,1187062776243589120
2019-10-23 17:45:18,1187062456960651264
2019-10-23 17:45:15,1187062444381872128
2019-10-23 16:35:23,1187044861725286400
2019-10-23 16:32:30,1187044133703159810
2019-10-23 16:32:28,1187044128003149824
2019-10-23 16:06:00,1187037466261446656
2019-10-23 12:40:13,1186985677176655872
2019-10-23 12:39:20,1186985455058898945
2019-10-23 12:29:22,1186982949180317697
2019-10-23 12:29:22,1186982948404449280
2019-10-23 12:29:22,1186982946336624640
2019-10-23 11:59:32,1186975439409078272
2019-10-23 11:59:07,1186975336929599488
2019-10-23 11:36:27,1186969632944611335
2019-10-23 11:32:16,1186968579125792768
2019-10-23 11:09:58,1186962966568165377
2019-10-23 10:59:23,1186960304363716608
2019-10-23 10:58:54,1186960179616718849
2019-10-23 10:58:02,1186959962515394561
2019-10-23 10:57:31,1186959831988686848
2019-10-23 10:56:40,1186959620151087105
2019-10-23 10:56:02,1186959459878350848
2019-10-23 04:21:01,1186860048733163520
2019-10-23 04:20:11,1186859841358311424
2019-10-23 04:19:24,1186859643475255297
2019-10-23 04:19:07,1186859574038597632
2019-10-23 04:18:36,1186859442639376384
2019-10-23 04:15:14,1186858593364172800
2019-10-23 04:14:03,1186858297606979584
2019-10-23 04:10:38,1186857437657214976
2019-10-23 04:08:35,1186856923636948993
2019-10-23 04:07:07,1186856554055852035
2019-10-23 03:54:50,1186853459242426368
2019-10-23 03:50:17,1186852315808092161
2019-10-23 03:43:38,1186850642901557248
2019-10-22 22:18:29,1186768817822806016
2019-10-22 14:08:14,1186645438910349313
2019-10-22 14:07:27,1186645243854237696
2019-10-22 14:06:55,1186645111154847746
2019-10-22 14:06:17,1186644947954483201
2019-10-22 14:04:54,1186644602398400512
2019-10-22 14:04:29,1186644494797672449
2019-10-22 14:04:06,1186644401826738177
2019-10-22 14:02:20,1186643954026065921
2019-10-22 13:41:53,1186638807984230403
2019-10-22 13:28:19,1186635396567961601
2019-10-22 11:57:09,1186612453368651777
2019-10-22 11:54:36,1186611810931236870
2019-10-22 11:52:28,1186611272231636992
2019-10-22 11:37:04,1186607396917002241
2019-10-22 11:37:03,1186607396090724353
2019-10-22 11:21:13,1186603407769034752
2019-10-22 11:11:32,1186600971130015744
2019-10-22 04:33:26,1186500787922448384
2019-10-22 00:46:43,1186443733019041793
2019-10-22 00:43:14,1186442854484369409
2019-10-22 00:42:47,1186442742093754368
2019-10-22 00:42:26,1186442653602373639
2019-10-22 00:41:50,1186442504062881794
2019-10-22 00:41:23,1186442390447558657
2019-10-22 00:41:13,1186442347799822339
2019-10-22 00:40:47,1186442241197428736
2019-10-22 00:40:20,1186442124843196417
2019-10-22 00:39:07,1186441819564978177
2019-10-22 00:38:44,1186441723758686208
2019-10-22 00:38:23,1186441634680053760
2019-10-22 00:38:02,1186441545588858881
2019-10-22 00:36:37,1186441190415175680
2019-10-22 00:35:45,1186440970889580544
2019-10-22 00:34:16,1186440600712814593
2019-10-22 00:32:18,1186440105592049664
2019-10-22 00:31:47,1186439974192893954
2019-10-22 00:31:38,1186439936901308417
2019-10-22 00:31:24,1186439875760984065
2019-10-22 00:31:07,1186439806567534594
2019-10-22 00:30:49,1186439731237789696
2019-10-21 23:06:16,1186418453202247684
2019-10-21 13:17:53,1186270381491081218
2019-10-21 12:31:43,1186258762920792065
2019-10-21 12:25:26,1186257181689237504
2019-10-21 03:54:07,1186128505316229121
2019-10-21 02:57:37,1186114286642515969
2019-10-21 02:53:32,1186113259780345857
2019-10-21 02:07:51,1186101761368571904
2019-10-21 02:05:14,1186101103676526592
2019-10-21 01:59:36,1186099686475735041
2019-10-21 01:57:10,1186099074371596288
2019-10-21 01:56:05,1186098803163697152
2019-10-21 01:55:36,1186098680325124104
2019-10-21 01:54:14,1186098336186671105
2019-10-21 01:52:11,1186097821579124736
2019-10-21 01:48:35,1186096913520693248
2019-10-20 22:41:10,1186049749989892105
2019-10-20 21:45:17,1186035686396321793
2019-10-20 21:45:17,1186035685163257857
2019-10-20 21:45:17,1186035684525727744
2019-10-20 20:28:28,1186016354572353536
2019-10-20 16:29:26,1185956197624619008
2019-10-20 16:29:14,1185956149008490496
2019-10-20 15:03:13,1185934502906007552
2019-10-20 12:44:26,1185899575669919745
2019-10-20 06:03:14,1185798608672698369
2019-10-20 06:01:23,1185798145902555136
2019-10-20 06:00:26,1185797905082474496
2019-10-20 03:26:35,1185759188040978432
2019-10-20 02:42:10,1185748012070506496
2019-10-20 02:41:53,1185747939257397248
2019-10-20 02:03:29,1185738277376184320
2019-10-20 01:52:46,1185735579327193093
2019-10-20 01:28:46,1185729537230938112
2019-10-20 01:18:24,1185726931611852802
2019-10-20 01:18:24,1185726930764611589
2019-10-20 00:25:45,1185713680224313345
2019-10-19 23:28:01,1185699151708901376
2019-10-19 23:18:51,1185696844745248768
2019-10-19 22:26:59,1185683791639187459
2019-10-19 22:25:56,1185683525426700289
2019-10-19 21:15:17,1185665748800299009
2019-10-19 19:47:51,1185643744932106240
2019-10-19 19:28:32,1185638885126295554
2019-10-19 19:25:53,1185638214255677440
2019-10-19 19:25:03,1185638007451328513
2019-10-19 19:23:00,1185637489471565824
2019-10-19 19:21:59,1185637235284234240
2019-10-19 19:16:00,1185635727645839363
2019-10-19 19:10:31,1185634349930205193
2019-10-19 18:50:54,1185629411992887299
2019-10-19 18:16:57,1185620868682174464
2019-10-19 17:35:40,1185610478325784577
2019-10-19 17:23:22,1185607384963661825
2019-10-19 17:20:20,1185606620962840577
2019-10-19 17:09:55,1185603997710897160
2019-10-19 17:08:50,1185603727861915648
2019-10-19 17:08:38,1185603674862751744
2019-10-19 17:08:10,1185603558898618369
2019-10-19 17:07:49,1185603470520410113
2019-10-19 17:07:24,1185603367659331584
2019-10-19 17:07:17,1185603336055209984
2019-10-19 17:05:46,1185602954134466560
2019-10-19 17:05:22,1185602853009874945
2019-10-19 17:04:40,1185602678480617472
2019-10-19 17:01:56,1185601988811284483
2019-10-19 16:18:27,1185591047549796352
2019-10-19 16:05:52,1185587881043222532
2019-10-19 16:05:30,1185587789070512129
2019-10-19 16:02:50,1185587115792519169
2019-10-19 16:02:06,1185586932971114496
2019-10-19 16:00:58,1185586648890904578
2019-10-19 15:58:49,1185586107653804033
2019-10-19 15:57:54,1185585875318644737
2019-10-19 15:35:12,1185580161305059328
2019-10-19 15:29:36,1185578752857784320
2019-10-19 15:29:32,1185578737485647873
2019-10-19 15:28:51,1185578564596457472
2019-10-19 15:23:34,1185577234641379328
2019-10-19 15:15:57,1185575318674952198
2019-10-19 15:13:27,1185574689156059141
2019-10-19 12:32:36,1185534210196627456
2019-10-19 12:29:38,1185533464700956672
2019-10-19 12:28:32,1185533188761882625
2019-10-19 12:27:52,1185533017621782529
2019-10-19 05:11:25,1185423180841832448
2019-10-19 05:11:06,1185423104417456129
2019-10-19 02:59:13,1185389914470473729
2019-10-19 02:16:38,1185379196203421696
2019-10-19 02:02:46,1185375708559876098
2019-10-19 01:57:33,1185374394350215169
2019-10-19 01:28:29,1185367080780156930
2019-10-18 23:37:33,1185339160858648576
2019-10-18 23:29:05,1185337032429789184
2019-10-18 23:25:50,1185336214049689600
2019-10-18 22:39:11,1185324474775887874
2019-10-18 19:34:21,1185277957436248065
2019-10-18 19:34:20,1185277956551254018
2019-10-18 15:51:42,1185221926991609862
2019-10-18 15:46:14,1185220552254017537
2019-10-18 15:42:37,1185219643432230913
2019-10-18 15:42:37,1185219642668867585
2019-10-18 15:42:37,1185219641972539392
2019-10-18 13:11:25,1185181592572092416
2019-10-18 13:10:56,1185181470568177672
2019-10-18 13:09:56,1185181219086127105
2019-10-18 13:08:57,1185180968354828288
2019-10-18 13:08:23,1185180829200330752
2019-10-18 13:07:08,1185180512891146240
2019-10-18 03:39:18,1185037614685904896
2019-10-18 03:06:57,1185029472132698113
2019-10-18 02:57:07,1185026994993451008
2019-10-18 02:26:39,1185019331018665985
2019-10-18 00:21:37,1184987864125321216
2019-10-17 23:22:43,1184973040150614016
2019-10-17 23:20:47,1184972554890612736
2019-10-17 18:13:15,1184895160871571456
2019-10-17 18:03:25,1184892687587012608
2019-10-17 17:29:37,1184884179751731200
2019-10-17 17:02:43,1184877410946187264
2019-10-17 15:09:09,1184848832493969408
2019-10-17 15:08:35,1184848688314761216
2019-10-17 15:07:46,1184848482844250113
2019-10-17 13:14:49,1184820057001598976
2019-10-17 12:59:25,1184816183033454592
2019-10-17 12:58:53,1184816047414751232
2019-10-17 12:58:35,1184815974006087680
2019-10-17 12:54:55,1184815052546809862
2019-10-17 12:39:03,1184811058663493632
2019-10-17 12:39:00,1184811046760075270
2019-10-17 12:38:27,1184810906942935040
2019-10-17 11:54:12,1184799768964456448
2019-10-17 04:41:30,1184690876762734592
2019-10-17 04:41:26,1184690862720258048
2019-10-17 04:41:22,1184690846580523008
2019-10-17 04:39:26,1184690356027297793
2019-10-17 04:29:31,1184687862090010624
2019-10-17 04:14:08,1184683989308719104
2019-10-17 04:12:20,1184683537976442880
2019-10-17 02:26:47,1184656977638711296
2019-10-17 01:14:36,1184638812150009858
2019-10-17 01:11:05,1184637926212341760
2019-10-17 00:58:22,1184634725677314050
2019-10-17 00:44:39,1184631273454817280
2019-10-17 00:12:38,1184623216742014977
2019-10-17 00:00:40,1184620202480193537
2019-10-16 23:35:47,1184613942750072832
2019-10-16 22:42:40,1184600576245583873
2019-10-16 22:29:35,1184597281808498688
2019-10-16 22:21:51,1184595335794036737
2019-10-16 22:21:24,1184595222761787393
2019-10-16 22:19:13,1184594674541121537
2019-10-16 21:17:07,1184579045138337794
2019-10-16 21:08:16,1184576819309228034
2019-10-16 19:33:24,1184552942545920005
2019-10-16 18:44:06,1184540536134406144
2019-10-16 18:05:43,1184530879999348739
2019-10-16 11:46:25,1184435422346305537
2019-10-16 11:29:50,1184431250066624512
2019-10-16 11:25:52,1184430253541859328
2019-10-16 11:14:11,1184427310935609345
2019-10-16 11:10:02,1184426268177129472
2019-10-16 03:22:00,1184308485237948416
2019-10-16 03:16:57,1184307214623875072
2019-10-16 03:15:40,1184306888864874496
2019-10-16 03:09:44,1184305397793996801
2019-10-16 03:09:36,1184305363975311360
2019-10-16 03:08:40,1184305129278857222
2019-10-16 03:07:30,1184304835723714562
2019-10-16 02:21:54,1184293357755011072
2019-10-16 02:21:54,1184293357121613824
2019-10-15 22:34:18,1184236083346919425
2019-10-15 20:05:12,1184198558007869440
2019-10-15 19:58:53,1184196970212139010
2019-10-15 18:04:56,1184168291775995904
2019-10-15 16:41:36,1184147319480041473
2019-10-15 15:57:15,1184136159724740609
2019-10-15 15:57:15,1184136158860730369
2019-10-15 15:32:05,1184129825231069184
2019-10-15 15:30:39,1184129465070297090
2019-10-15 15:14:09,1184125314147983361
2019-10-15 13:40:00,1184101618901540864
2019-10-15 00:51:26,1183908206088728576
2019-10-15 00:21:30,1183900672892309505
2019-10-15 00:17:05,1183899559124189184
2019-10-14 22:34:04,1183873633057476609
2019-10-14 22:19:27,1183869954640228352
2019-10-14 22:16:24,1183869189049737217
2019-10-14 19:55:09,1183833640507269120
2019-10-14 19:16:43,1183823970979713024
2019-10-14 19:16:43,1183823969197146115
2019-10-14 19:10:51,1183822494031065088
2019-10-14 19:10:50,1183822488192671745
2019-10-14 19:06:17,1183821343420289030
2019-10-14 19:06:17,1183821342455586818
2019-10-14 18:59:04,1183819526753980416
2019-10-14 18:56:21,1183818843464065024
2019-10-14 18:56:20,1183818841941565441
2019-10-14 17:26:24,1183796209942695938
2019-10-14 17:25:26,1183795966350123013
2019-10-14 16:18:59,1183779243588763649
2019-10-14 16:17:54,1183778969725865985
2019-10-14 14:00:19,1183744344794320896
2019-10-14 12:33:39,1183722535961202689
2019-10-14 12:26:13,1183720665691709445
2019-10-14 12:13:44,1183717522874519552
2019-10-14 12:13:20,1183717423029067777
2019-10-14 12:06:24,1183715679096201218
2019-10-14 11:40:42,1183709210602823680
2019-10-14 11:14:09,1183702529403695104
2019-10-14 11:14:09,1183702528787189767
2019-10-14 10:54:24,1183697555907104768
2019-10-14 10:39:09,1183693719914106880
2019-10-14 10:39:09,1183693718500659200
2019-10-14 10:19:31,1183688781037297664
2019-10-14 01:05:57,1183549468114915328
2019-10-14 01:05:53,1183549454680559616
2019-10-14 00:34:01,1183541434802196481
2019-10-14 00:10:14,1183535447919812608
2019-10-13 23:27:49,1183524771734183936
2019-10-13 23:09:01,1183520040647380993
2019-10-13 22:16:39,1183506864170029056
2019-10-13 22:16:39,1183506863431786497
2019-10-13 21:50:14,1183500215241859073
2019-10-13 21:47:19,1183499482790612993
2019-10-13 21:47:19,1183499482069159941
2019-10-13 21:22:42,1183493286708875264
2019-10-13 17:55:41,1183441191003721731
2019-10-13 14:32:37,1183390085993119749
2019-10-13 14:15:55,1183385881320853509
2019-10-13 13:37:43,1183376270731763714
2019-10-13 13:09:21,1183369133301391365
2019-10-13 13:09:21,1183369132634456066
2019-10-13 12:57:08,1183366057169444864
2019-10-13 12:31:29,1183359602089484288
2019-10-13 12:24:47,1183357914922258433
2019-10-13 05:11:02,1183248760303960064
2019-10-13 04:33:07,1183239217700364288
2019-10-13 04:31:50,1183238893627465733
2019-10-13 04:31:20,1183238768272261121
2019-10-13 04:17:39,1183235322773233664
2019-10-13 04:06:38,1183232552464719873
2019-10-13 03:13:10,1183219098911682561
2019-10-12 21:20:06,1183130243885875200
2019-10-12 20:57:56,1183124665688055809
2019-10-12 20:57:31,1183124563258941442
2019-10-12 20:56:35,1183124325999796225
2019-10-12 20:55:59,1183124173767483393
2019-10-12 20:48:12,1183122218433335301
2019-10-12 20:48:12,1183122218433294336
2019-10-12 20:12:52,1183113326374600705
2019-10-12 19:48:14,1183107124248940546
2019-10-12 19:13:52,1183098478232256512
2019-10-12 19:08:53,1183097223674056705
2019-10-12 15:11:39,1183037520503885824
2019-10-12 14:16:10,1183023558655709184
2019-10-12 14:09:12,1183021806493556736
2019-10-12 14:09:12,1183021805570801665
2019-10-12 13:49:42,1183016899589955584
2019-10-12 13:13:52,1183007878921314304
2019-10-12 03:49:29,1182865849851338753
2019-10-12 03:48:09,1182865510825779200
2019-10-12 03:25:36,1182859837316583424
2019-10-12 03:25:34,1182859828386885633
2019-10-12 02:58:08,1182852925237805060
2019-10-12 02:21:04,1182843598779252737
2019-10-12 02:20:48,1182843529103429632
2019-10-12 02:19:59,1182843323091804160
2019-10-12 02:18:27,1182842938247639040
2019-10-12 02:17:17,1182842647041298432
2019-10-11 23:55:42,1182807013719531522
2019-10-11 23:46:31,1182804704721375233
2019-10-11 23:46:30,1182804700699086848
2019-10-11 23:23:55,1182799017056456704
2019-10-11 23:23:11,1182798830577709056
2019-10-11 23:21:44,1182798468043005954
2019-10-11 23:21:32,1182798416348250113
2019-10-11 23:21:10,1182798324681674752
2019-10-11 17:29:12,1182709748619198464
2019-10-11 15:48:26,1182684388401782784
2019-10-11 15:47:44,1182684215189614592
2019-10-11 15:47:11,1182684073623470082
2019-10-11 15:46:23,1182683872238194688
2019-10-11 15:46:09,1182683817322209280
2019-10-11 15:45:45,1182683716973400064
2019-10-11 15:45:30,1182683651215187971
2019-10-11 15:44:19,1182683354463907840
2019-10-11 15:43:55,1182683255511945216
2019-10-11 15:43:38,1182683180849074176
2019-10-11 15:43:27,1182683134799822851
2019-10-11 15:42:53,1182682994022199296
2019-10-11 15:42:22,1182682861859692544
2019-10-11 15:42:04,1182682786882293760
2019-10-11 15:41:49,1182682726341722112
2019-10-11 15:40:57,1182682505041854468
2019-10-11 15:40:17,1182682338947485698
2019-10-11 15:40:00,1182682269804310529
2019-10-11 15:39:28,1182682132868751361
2019-10-11 15:38:29,1182681884628791297
2019-10-11 15:38:20,1182681846783664129
2019-10-11 15:37:58,1182681755679121408
2019-10-11 15:35:54,1182681234880847872
2019-10-11 15:34:39,1182680923520798720
2019-10-11 15:34:32,1182680891233054720
2019-10-11 15:34:23,1182680853698285568
2019-10-11 15:33:59,1182680751856406529
2019-10-11 15:33:28,1182680625066721280
2019-10-11 15:32:59,1182680500760170497
2019-10-11 15:32:09,1182680294421356552
2019-10-11 15:31:44,1182680188452265984
2019-10-11 15:30:03,1182679765632868353
2019-10-11 15:28:29,1182679369174716423
2019-10-11 15:25:55,1182678724598206465
2019-10-11 15:25:30,1182678620168429569
2019-10-11 14:27:37,1182664051089911812
2019-10-11 14:15:49,1182661081849835520
2019-10-11 14:00:00,1182657102357110791
2019-10-11 13:49:09,1182654371714211840
2019-10-11 02:49:51,1182488455277924353
2019-10-11 02:37:01,1182485222190915584
2019-10-11 00:03:55,1182446696598511617
2019-10-10 20:55:28,1182399270009425920
2019-10-10 20:07:30,1182387198164946944
2019-10-10 20:07:30,1182387197066039298
2019-10-10 14:40:15,1182304844683632642
2019-10-10 14:40:14,1182304840212455424
2019-10-10 13:49:52,1182292163721404416
2019-10-10 13:42:47,1182290380542185472
2019-10-10 13:39:02,1182289435955777537
2019-10-10 13:34:09,1182288206806560769
2019-10-10 13:27:01,1182286414353981440
2019-10-10 13:27:00,1182286411501838337
2019-10-10 13:13:49,1182283090271592448
2019-10-10 13:13:25,1182282989096652802
2019-10-10 13:13:06,1182282909618704385
2019-10-10 13:12:37,1182282790861201408
2019-10-10 13:08:50,1182281836363485185
2019-10-10 13:08:49,1182281834970980352
2019-10-10 13:04:03,1182280635513294849
2019-10-10 04:16:36,1182147895371472896
2019-10-10 03:53:17,1182142030325129217
2019-10-10 01:55:32,1182112396837625857
2019-10-10 01:35:34,1182107370790559744
2019-10-10 01:34:14,1182107033874714624
2019-10-10 00:10:19,1182085917198241793
2019-10-09 23:30:16,1182075837962690560
2019-10-09 18:12:21,1181995834369544198
2019-10-09 17:55:33,1181991604493656064
2019-10-09 16:27:46,1181969511697788928
2019-10-09 16:22:50,1181968273333719041
2019-10-09 14:32:04,1181940394604535809
2019-10-09 14:32:03,1181940389990805504
2019-10-09 14:10:57,1181935082594062337
2019-10-09 14:10:41,1181935014709202947
2019-10-09 14:08:02,1181934349433872384
2019-10-09 14:07:38,1181934246111404032
2019-10-09 14:06:04,1181933850991235073
2019-10-09 14:02:13,1181932884694839296
2019-10-09 14:00:15,1181932389435678720
2019-10-09 13:59:32,1181932207767789571
2019-10-09 13:56:09,1181931358857388035
2019-10-09 13:55:50,1181931277102063622
2019-10-09 13:55:17,1181931140740997120
2019-10-09 13:54:31,1181930944917377024
2019-10-09 13:51:14,1181930118828175363
2019-10-09 13:49:45,1181929745518403585
2019-10-09 13:47:18,1181929128976670724
2019-10-09 13:44:30,1181928424958578688
2019-10-09 12:43:45,1181913137483829250
2019-10-09 12:43:45,1181913136074502144
2019-10-09 12:22:04,1181907681512169472
2019-10-09 12:14:03,1181905661300559872
2019-10-09 12:14:02,1181905659568283648
2019-10-09 11:38:44,1181896777076740098
2019-10-09 11:36:10,1181896127471333381
2019-10-09 11:17:12,1181891356274413570
2019-10-09 11:14:30,1181890675375259653
2019-10-09 11:12:25,1181890153310232577
2019-10-09 11:10:14,1181889603516665857
2019-10-09 11:10:14,1181889601914454016
2019-10-09 10:47:43,1181883934776401920
2019-10-09 04:28:47,1181788575861547008
2019-10-09 03:19:34,1181771156203986946
2019-10-09 03:16:04,1181770276188631041
2019-10-09 02:39:23,1181761045486080002
2019-10-09 02:15:19,1181754987141124098
2019-10-09 02:02:19,1181751715437170689
2019-10-09 02:00:39,1181751294693969920
2019-10-09 01:59:12,1181750932444520448
2019-10-09 01:57:35,1181750525596983296
2019-10-09 01:48:16,1181748180066738176
2019-10-09 01:43:15,1181746918474440705
2019-10-09 01:43:15,1181746916981379072
2019-10-08 22:28:56,1181698015423275010
2019-10-08 18:54:45,1181644113092980737
2019-10-08 18:40:40,1181640571334647814
2019-10-08 18:40:38,1181640563696820224
2019-10-08 17:30:50,1181622998228508672
2019-10-08 17:15:46,1181619203687751680
2019-10-08 16:06:26,1181601756347797505
2019-10-08 15:06:17,1181586618983034880
2019-10-08 14:35:57,1181578987191095298
2019-10-08 14:31:08,1181577775246905344
2019-10-08 14:25:06,1181576256904744964
2019-10-08 14:06:29,1181571571787403265
2019-10-08 13:23:35,1181560772255719424
2019-10-08 13:23:19,1181560708808486914
2019-10-08 12:55:13,1181553636444426240
2019-10-08 12:55:12,1181553630354259968
2019-10-08 12:30:11,1181547333990916097
2019-10-08 12:30:10,1181547331822456832
2019-10-08 12:10:17,1181542327711600642
2019-10-08 12:04:18,1181540820824014848
2019-10-08 12:04:13,1181540799374344194
2019-10-08 12:03:30,1181540621066092549
2019-10-08 04:24:13,1181425038618177536
2019-10-08 04:23:32,1181424863954837505
2019-10-08 04:23:05,1181424753040596993
2019-10-08 04:22:14,1181424537482797057
2019-10-08 04:21:54,1181424453508567041
2019-10-08 04:21:34,1181424371212140544
2019-10-08 04:14:55,1181422696250384384
2019-10-08 04:13:31,1181422346697138176
2019-10-08 04:11:10,1181421753286959104
2019-10-08 04:09:31,1181421339607011328
2019-10-08 04:08:57,1181421197302611968
2019-10-08 04:06:57,1181420692572692480
2019-10-08 04:06:01,1181420455833538560
2019-10-08 04:05:29,1181420325516566528
2019-10-08 04:05:26,1181420310383529984
2019-10-08 04:04:25,1181420055948603392
2019-10-08 04:04:22,1181420040572276736
2019-10-08 04:02:14,1181419505349730305
2019-10-08 04:01:58,1181419438874251264
2019-10-08 04:01:46,1181419388739686402
2019-10-08 04:01:18,1181419268677742595
2019-10-08 03:57:29,1181418309822095362
2019-10-08 03:54:58,1181417676297703425
2019-10-08 03:52:37,1181417086851125248
2019-10-08 03:42:58,1181414654901403648
2019-10-08 03:42:53,1181414637553831936
2019-10-08 03:42:28,1181414529554620416
2019-10-08 03:40:54,1181414137630531585
2019-10-08 03:37:15,1181413216615837697
2019-10-07 21:54:13,1181326889480282112
2019-10-07 16:52:40,1181251003129180166
2019-10-07 16:48:06,1181249853801877508
2019-10-07 15:38:09,1181232251390042118
2019-10-07 15:38:09,1181232249821388801
2019-10-07 15:26:47,1181229390291767297
2019-10-07 15:26:29,1181229314412613633
2019-10-07 15:25:40,1181229108707115008
2019-10-07 15:25:02,1181228950665748482
2019-10-07 15:24:18,1181228767441833984
2019-10-07 15:23:09,1181228477099528192
2019-10-07 15:20:49,1181227887543894016
2019-10-07 15:20:48,1181227885841002496
2019-10-07 14:20:26,1181212691203084289
2019-10-07 14:01:05,1181207822039683079
2019-10-07 14:01:04,1181207817715421184
2019-10-07 13:38:21,1181202101327843329
2019-10-07 12:04:45,1181178546150092800
2019-10-07 11:51:43,1181175266409889793
2019-10-07 11:40:36,1181172467676565505
2019-10-07 11:40:35,1181172465772482563
2019-10-07 11:40:34,1181172462291243008
2019-10-07 11:40:34,1181172459325800448
2019-10-07 11:40:33,1181172457811697664
2019-10-07 02:27:50,1181033360241709056
2019-10-07 02:27:49,1181033358794661889
2019-10-06 23:54:51,1180994860188360704
2019-10-06 23:39:08,1180990908000559104
2019-10-06 23:35:53,1180990087749935105
2019-10-06 23:25:10,1180987393115074560
2019-10-06 23:22:17,1180986664912588802
2019-10-06 23:05:39,1180982480083570688
2019-10-06 22:05:35,1180967365686824960
2019-10-06 22:05:23,1180967311534149634
2019-10-06 22:05:18,1180967293645393922
2019-10-06 22:05:03,1180967230990884866
2019-10-06 22:04:53,1180967187114270725
2019-10-06 22:03:03,1180966726227386368
2019-10-06 21:33:42,1180959338619428865
2019-10-06 21:32:58,1180959154258751489
2019-10-06 20:13:55,1180939260146470912
2019-10-06 20:13:33,1180939171755630599
2019-10-06 19:19:30,1180925566951788545
2019-10-06 19:17:54,1180925164080582657
2019-10-06 18:01:04,1180905827932278785
2019-10-06 17:37:41,1180899945701879808
2019-10-06 16:56:47,1180889650333917190
2019-10-06 16:42:26,1180886040791388161
2019-10-06 16:42:26,1180886039801602048
2019-10-06 14:58:32,1180859894003572736
2019-10-06 14:58:31,1180859889381466113
2019-10-06 13:25:38,1180836514743357440
2019-10-06 13:24:32,1180836237239816192
2019-10-06 13:22:59,1180835848985743360
2019-10-06 13:22:13,1180835655099834369
2019-10-06 13:21:45,1180835536086470656
2019-10-06 13:18:12,1180834645128204288
2019-10-06 13:14:00,1180833586380972034
2019-10-06 13:09:17,1180832398197571585
2019-10-06 13:08:41,1180832249866047488
2019-10-06 13:07:54,1180832053039906817
2019-10-06 13:04:14,1180831127734554625
2019-10-06 13:02:35,1180830712980787202
2019-10-06 13:02:20,1180830651962073094
2019-10-06 13:01:06,1180830339410923520
2019-10-06 12:59:31,1180829942998802432
2019-10-06 02:12:50,1180667198093824001
2019-10-06 02:01:49,1180664424375435265
2019-10-06 02:00:22,1180664060603518976
2019-10-06 01:17:46,1180653341539483650
2019-10-05 23:50:17,1180631325683982336
2019-10-05 23:37:36,1180628130941345798
2019-10-05 23:24:55,1180624940212641793
2019-10-05 22:41:21,1180613975572135943
2019-10-05 20:13:55,1180576872658280453
2019-10-05 20:13:39,1180576805893230592
2019-10-05 20:13:17,1180576714361102337
2019-10-05 19:25:32,1180564696979648513
2019-10-05 19:09:13,1180560592119222273
2019-10-05 19:06:18,1180559858699030529
2019-10-05 18:33:51,1180551689818050562
2019-10-05 17:16:12,1180532150053085185
2019-10-05 16:46:15,1180524614268653568
2019-10-05 16:35:21,1180521871223246848
2019-10-05 16:34:06,1180521553932488705
2019-10-05 14:17:21,1180487139546546182
2019-10-05 14:06:47,1180484483147059200
2019-10-05 13:58:33,1180482408522629120
2019-10-05 13:49:15,1180480067849338881
2019-10-05 04:35:28,1180340705308413952
2019-10-05 04:17:14,1180336118207787008
2019-10-05 04:11:38,1180334708175130624
2019-10-05 04:05:38,1180333195763634176
2019-10-05 03:49:11,1180329058862866432
2019-10-05 03:28:07,1180323756423692288
2019-10-05 03:25:20,1180323056050421761
2019-10-05 03:24:58,1180322962412576768
2019-10-05 03:24:28,1180322836113743872
2019-10-05 03:24:27,1180322833316171778
2019-10-05 03:24:18,1180322797102522368
2019-10-05 03:22:45,1180322404679241728
2019-10-05 03:21:16,1180322034401841152
2019-10-05 03:19:56,1180321695665704963
2019-10-05 03:14:51,1180320417250267137
2019-10-05 03:14:01,1180320208466120704
2019-10-05 03:13:59,1180320198391484417
2019-10-05 03:13:16,1180320019588276224
2019-10-05 03:12:36,1180319849517592576
2019-10-05 03:12:08,1180319734753046528
2019-10-05 02:58:05,1180316198598270981
2019-10-05 02:31:10,1180309422557597697
2019-10-05 02:25:19,1180307953557090304
2019-10-05 02:25:19,1180307952210759687
2019-10-05 02:02:24,1180302184296144896
2019-10-05 00:55:23,1180285319784079360
2019-10-04 23:25:27,1180262686942208000
2019-10-04 22:33:42,1180249663489937410
2019-10-04 22:27:19,1180248057159540737
2019-10-04 22:27:19,1180248056241049601
2019-10-04 22:15:42,1180245134363025415
2019-10-04 22:12:55,1180244432647524355
2019-10-04 22:05:09,1180242480991748097
2019-10-04 22:02:39,1180241849199583233
2019-10-04 21:59:44,1180241114403610626
2019-10-04 21:57:17,1180240498478534658
2019-10-04 21:53:36,1180239573139562496
2019-10-04 21:53:10,1180239462476996609
2019-10-04 19:46:59,1180207709985165313
2019-10-04 14:12:23,1180123504924151809
2019-10-04 13:47:59,1180117361380200448
2019-10-04 13:44:11,1180116404839817216
2019-10-04 13:29:38,1180112745078956034
2019-10-04 13:11:41,1180108227838697472
2019-10-04 12:47:10,1180102056411095042
2019-10-04 12:16:47,1180094411323117568
2019-10-04 11:51:52,1180088140004040706
2019-10-04 11:35:04,1180083913051578368
2019-10-04 02:42:38,1179949923833384960
2019-10-04 02:20:56,1179944461067005952
2019-10-04 01:56:21,1179938275089367040
2019-10-04 01:44:10,1179935210445647882
2019-10-04 01:35:11,1179932948138725377
2019-10-04 01:28:35,1179931284900122625
2019-10-04 01:27:52,1179931107111907333
2019-10-04 01:22:20,1179929713197883393
2019-10-04 01:20:54,1179929352038957057
2019-10-04 01:18:21,1179928713305174017
2019-10-04 01:17:13,1179928424690925570
2019-10-04 01:16:57,1179928359679270912
2019-10-04 01:04:38,1179925259417468928
2019-10-03 23:19:12,1179898724899835904
2019-10-03 23:02:18,1179894472739627008
2019-10-03 22:49:48,1179891326151733249
2019-10-03 21:21:44,1179869164632043520
2019-10-03 20:59:06,1179863468582719488
2019-10-03 20:53:41,1179862105945542656
2019-10-03 20:44:21,1179859755478634497
2019-10-03 20:36:46,1179857849570082817
2019-10-03 20:32:05,1179856669901111297
2019-10-03 19:56:51,1179847803574423552
2019-10-03 19:27:37,1179840448225054720
2019-10-03 17:16:47,1179807522116575232
2019-10-03 17:04:36,1179804457112129537
2019-10-03 15:36:45,1179782346209251328
2019-10-03 13:40:19,1179753043908268032
2019-10-03 13:26:53,1179749665941676032
2019-10-03 12:09:33,1179730204001996800
2019-10-03 12:07:04,1179729579239448582
2019-10-03 12:05:51,1179729271620849664
2019-10-03 11:47:55,1179724760722345984
2019-10-03 11:44:47,1179723972407103489
2019-10-03 11:40:15,1179722829010538496
2019-10-03 11:37:44,1179722195288907776
2019-10-03 11:36:23,1179721857441902593
2019-10-03 11:33:00,1179721004291170304
2019-10-03 11:31:53,1179720723969052672
2019-10-03 11:29:53,1179720222351269888
2019-10-03 11:28:49,1179719951881576448
2019-10-03 11:25:54,1179719218503323650
2019-10-03 11:24:58,1179718984901505025
2019-10-03 11:24:04,1179718758207819777
2019-10-03 11:22:55,1179718467060211713
2019-10-03 10:52:11,1179710734030249984
2019-10-03 10:49:09,1179709971438669824
2019-10-03 10:39:12,1179707468076781568
2019-10-03 10:37:33,1179707050743488512
2019-10-03 10:00:00,1179697599143653377
2019-10-03 03:18:57,1179596675280707585
2019-10-03 03:14:11,1179595472358522881
2019-10-03 03:10:39,1179594584868999168
2019-10-03 03:09:38,1179594329964400640
2019-10-02 23:41:51,1179542037479202816
2019-10-02 23:27:52,1179538518873448451
2019-10-02 23:27:52,1179538517992595458
2019-10-02 21:06:36,1179502966606352386
2019-10-02 19:51:56,1179484176267038721
2019-10-02 15:48:47,1179422987684077568
2019-10-02 15:39:07,1179420554601910272
2019-10-02 15:31:53,1179418734764711937
2019-10-02 15:31:03,1179418523682168839
2019-10-02 15:19:09,1179415529074900992
2019-10-02 15:02:11,1179411261337067520
2019-10-02 14:47:05,1179407460756578307
2019-10-02 14:27:14,1179402463805345794
2019-10-02 14:26:10,1179402197093814272
2019-10-02 14:16:47,1179399836883394562
2019-10-02 14:07:17,1179397444091699200
2019-10-02 14:06:53,1179397341893271558
2019-10-02 14:00:39,1179395773580140544
2019-10-02 13:06:48,1179382223860113413
2019-10-02 12:51:49,1179378450936807424
2019-10-02 12:39:43,1179375408405450752
2019-10-02 00:20:04,1179189266234167297
2019-10-01 23:41:33,1179179575059927040
2019-10-01 23:41:33,1179179573541511176
2019-10-01 22:15:28,1179157913090379782
2019-10-01 22:15:28,1179157911374897166
2019-10-01 15:00:28,1179048439319072768
2019-10-01 14:34:45,1179041970590748672
2019-10-01 14:13:48,1179036697725669377
2019-10-01 14:13:27,1179036607682187264
2019-10-01 14:13:07,1179036524073148417
2019-10-01 14:12:51,1179036456691494913
2019-10-01 13:19:24,1179023004241727489
2019-10-01 13:19:23,1179023001989373952
2019-10-01 11:09:57,1178990430937067520
2019-10-01 11:05:17,1178989254309011456
2019-10-01 10:59:41,1178987847132602368
2019-10-01 10:58:16,1178987489417203712
2019-10-01 10:58:01,1178987425709862912
2019-10-01 10:57:06,1178987193366396928
2019-10-01 10:54:26,1178986524630802432
2019-10-01 10:45:21,1178984236524675072
2019-10-01 10:40:30,1178983018024841216
2019-10-01 10:33:47,1178981327082856448
2019-10-01 10:21:09,1178978148135899136
2019-10-01 10:07:58,1178974829669683200
2019-10-01 10:07:35,1178974732772925441
2019-10-01 09:56:46,1178972013416898562
2019-10-01 04:27:57,1178889263087308800
2019-10-01 02:57:18,1178866449965883392
2019-10-01 01:18:42,1178841635716784129
2019-09-30 23:59:03,1178821592421404678
2019-09-30 23:52:54,1178820044802940929
2019-09-30 21:13:59,1178780049610280960
2019-09-30 20:23:47,1178767417075552257
2019-09-30 19:45:58,1178757901659365376
2019-09-30 19:08:06,1178748369709256704
2019-09-30 19:04:26,1178747450120708097
2019-09-30 18:55:53,1178745297830326274
2019-09-30 16:49:18,1178713441575608321
2019-09-30 14:03:30,1178671715624394757
2019-09-30 13:58:55,1178670564879343619
2019-09-30 13:50:22,1178668411183861760
2019-09-30 13:50:21,1178668408566616064
2019-09-30 12:44:59,1178651959051669504
2019-09-30 12:43:43,1178651638313226240
2019-09-30 12:40:56,1178650939374424067
2019-09-30 12:31:56,1178648671996526592
2019-09-30 12:31:55,1178648670583042048
2019-09-30 12:12:47,1178643854737772545
2019-09-30 12:03:39,1178641557097975809
2019-09-30 11:48:03,1178637628662538245
2019-09-30 11:39:41,1178635525328113669
2019-09-30 03:53:55,1178518307848278016
2019-09-30 03:24:24,1178510879488389120
2019-09-30 03:01:10,1178505032892846080
2019-09-30 02:41:16,1178500028085743622
2019-09-30 02:30:17,1178497262550421504
2019-09-30 01:11:55,1178477539653771264
2019-09-30 01:11:54,1178477538177425408
2019-09-30 01:11:54,1178477536818413571
2019-09-30 01:11:53,1178477534347960321
2019-09-30 00:30:58,1178467237096775680
2019-09-30 00:22:14,1178465038643978243
2019-09-30 00:22:14,1178465036811034631
2019-09-29 23:07:18,1178446179320942593
2019-09-29 22:53:44,1178442765736333313
2019-09-29 22:53:43,1178442762284404736
2019-09-29 22:53:42,1178442759499370496
2019-09-29 18:15:22,1178372711439093765
2019-09-29 18:12:38,1178372025901109256
2019-09-29 17:47:35,1178365721249759234
2019-09-29 15:18:44,1178328262537285632
2019-09-29 14:25:34,1178314883672215552
2019-09-29 14:25:22,1178314832786968576
2019-09-29 14:23:21,1178314324575735810
2019-09-29 14:20:12,1178313529700622336
2019-09-29 14:16:43,1178312653732814849
2019-09-29 14:16:38,1178312631691726849
2019-09-29 14:16:10,1178312517774389248
2019-09-29 14:16:07,1178312503887093760
2019-09-29 14:15:15,1178312286127169536
2019-09-29 14:14:41,1178312142703005696
2019-09-29 14:13:17,1178311788565336064
2019-09-29 14:13:02,1178311726883905542
2019-09-29 14:12:37,1178311620994457600
2019-09-29 14:11:14,1178311276084318209
2019-09-29 14:11:11,1178311261949485056
2019-09-29 14:10:49,1178311168324227072
2019-09-29 14:10:31,1178311095360073729
2019-09-29 14:02:57,1178309191049650178
2019-09-29 14:02:45,1178309140986376192
2019-09-29 14:02:38,1178309108899991552
2019-09-29 14:02:35,1178309095885017088
2019-09-29 13:18:48,1178298078031437826
2019-09-29 12:29:36,1178285698111168512
2019-09-29 12:22:28,1178283903490183168
2019-09-29 03:00:39,1178142518501879808
2019-09-29 02:57:31,1178141727707848704
2019-09-29 02:56:41,1178141519099957250
2019-09-29 02:54:25,1178140949656068096
2019-09-29 02:54:17,1178140912523890690
2019-09-29 02:54:10,1178140886678560768
2019-09-29 02:53:56,1178140826276417537
2019-09-29 02:53:44,1178140775936385024
2019-09-29 02:53:34,1178140734995779584
2019-09-29 02:53:23,1178140690187988992
2019-09-29 02:53:14,1178140648500862976
2019-09-29 02:51:57,1178140327263248384
2019-09-29 02:51:50,1178140296393166848
2019-09-29 02:51:38,1178140249148538880
2019-09-29 02:51:30,1178140212611956743
2019-09-29 02:50:44,1178140021154570240
2019-09-29 02:21:16,1178132606967320581
2019-09-29 02:21:03,1178132552068075521
2019-09-29 02:20:34,1178132429539889153
2019-09-29 02:20:16,1178132354679877632
2019-09-29 02:19:12,1178132084185075712
2019-09-29 02:18:32,1178131917092397062
2019-09-29 02:18:06,1178131808224972802
2019-09-29 02:00:25,1178127357212844032
2019-09-29 01:53:28,1178125611426025478
2019-09-28 22:39:41,1178076844135976966
2019-09-28 22:30:35,1178074551541997568
2019-09-28 22:30:33,1178074545443479553
2019-09-28 22:00:48,1178067057591631874
2019-09-28 22:00:48,1178067055226052609
2019-09-28 21:14:45,1178055467987275776
2019-09-28 12:35:58,1177924912226414592
2019-09-28 12:35:34,1177924812125036544
2019-09-28 12:34:25,1177924521291997184
2019-09-28 12:16:09,1177919923885969408
2019-09-28 12:04:55,1177917096786845696
2019-09-28 11:55:02,1177914612844503046
2019-09-28 04:13:33,1177798475154706432
2019-09-28 04:12:36,1177798234011553792
2019-09-28 04:11:37,1177797986610483200
2019-09-28 04:09:28,1177797447931895808
2019-09-28 04:07:22,1177796917662801921
2019-09-28 03:55:17,1177793877530546177
2019-09-28 02:03:00,1177765620798119940
2019-09-27 21:37:47,1177698878554087425
2019-09-27 19:41:18,1177669563477118976
2019-09-27 15:24:05,1177604833538392065
2019-09-27 13:42:57,1177579380819845120
2019-09-27 13:32:06,1177576649233195008
2019-09-27 13:29:18,1177575947358412800
2019-09-27 13:25:16,1177574932689182720
2019-09-27 13:23:05,1177574382056693760
2019-09-27 12:58:45,1177568259438239744
2019-09-27 12:29:51,1177560986666098690
2019-09-27 12:29:51,1177560985441361922
2019-09-27 11:20:26,1177543516236500997
2019-09-27 11:20:25,1177543513015246852
2019-09-27 11:02:42,1177539052683309056
2019-09-27 03:37:14,1177426946713628674
2019-09-27 03:12:40,1177420766180184064
2019-09-27 03:03:36,1177418483031781377
2019-09-27 00:35:06,1177381112152305665
2019-09-27 00:30:26,1177379937562574849
2019-09-27 00:06:36,1177373939380760581
2019-09-27 00:06:08,1177373822867116033
2019-09-27 00:02:46,1177372974296502273
2019-09-26 23:24:46,1177363411317022721
2019-09-26 23:02:38,1177357844062097409
2019-09-26 23:01:12,1177357479954526208
2019-09-26 22:58:54,1177356904110133248
2019-09-26 18:13:15,1177285017636093953
2019-09-26 16:48:21,1177263650068815872
2019-09-26 16:43:07,1177262335771021312
2019-09-26 16:37:35,1177260939235643392
2019-09-26 16:21:10,1177256808072671233
2019-09-26 12:35:13,1177199947067940865
2019-09-26 12:34:35,1177199789429133312
2019-09-26 12:34:06,1177199665172930560
2019-09-26 12:32:46,1177199331507658752
2019-09-26 12:32:16,1177199206345379841
2019-09-26 12:26:27,1177197743326093312
2019-09-26 12:25:45,1177197563881148416
2019-09-26 12:25:17,1177197446230937601
2019-09-26 12:21:26,1177196479536074755
2019-09-26 12:20:37,1177196272060641280
2019-09-26 12:19:56,1177196103562911747
2019-09-26 12:19:44,1177196050978918401
2019-09-26 12:18:59,1177195862725992449
2019-09-26 12:05:07,1177192373585108992
2019-09-26 12:04:38,1177192252382359554
2019-09-26 12:03:50,1177192047759044608
2019-09-26 12:02:40,1177191754333904897
2019-09-26 12:00:44,1177191268570619906
2019-09-26 12:00:24,1177191186135732226
2019-09-26 11:59:58,1177191077759148032
2019-09-26 11:59:31,1177190962994589697
2019-09-26 11:24:29,1177182149050609664
2019-09-26 11:20:00,1177181017788035073
2019-09-26 11:19:31,1177180897705168897
2019-09-26 11:18:31,1177180647196168197
2019-09-26 11:17:58,1177180508113002496
2019-09-26 11:17:02,1177180272133099520
2019-09-26 11:15:49,1177179964866801666
2019-09-26 11:15:22,1177179853612888066
2019-09-26 11:15:12,1177179809631395843
2019-09-26 11:14:41,1177179678873968645
2019-09-26 11:09:42,1177178426115076096
2019-09-26 11:09:26,1177178360029634561
2019-09-26 11:08:44,1177178183143165953
2019-09-26 11:06:50,1177177706729017344
2019-09-26 11:03:30,1177176865657823232
2019-09-26 11:03:12,1177176789497589760
2019-09-26 11:01:39,1177176401650364418
2019-09-26 11:00:45,1177176174033821698
2019-09-26 11:00:36,1177176136155111429
2019-09-26 02:46:57,1177051904595152897
2019-09-26 02:45:46,1177051607034413056
2019-09-26 01:46:57,1177036805033603073
2019-09-25 21:34:00,1176973148140519425
2019-09-25 20:17:32,1176953905776910341
2019-09-25 20:17:32,1176953905143590912
2019-09-25 18:13:43,1176922746976178178
2019-09-25 17:54:43,1176917963041124352
2019-09-25 17:53:45,1176917720715145217
2019-09-25 17:46:30,1176915896369111049
2019-09-25 17:46:13,1176915824428355589
2019-09-25 17:45:54,1176915744535318529
2019-09-25 17:45:48,1176915720124403713
2019-09-25 17:45:36,1176915668861632517
2019-09-25 17:44:59,1176915515945693184
2019-09-25 17:44:01,1176915272025935876
2019-09-25 17:43:27,1176915129033789440
2019-09-25 17:43:13,1176915069457883136
2019-09-25 16:33:29,1176897523312709632
2019-09-25 16:06:15,1176890668460978177
2019-09-25 15:56:50,1176888296863125512
2019-09-25 15:32:16,1176882115318820864
2019-09-25 15:25:13,1176880340427821056
2019-09-25 14:58:08,1176873524956450820
2019-09-25 13:59:22,1176858735077154818
2019-09-25 13:17:46,1176848267759509504
2019-09-25 13:11:57,1176846804291338244
2019-09-25 12:48:02,1176840783464468481
2019-09-25 12:47:42,1176840699624460288
2019-09-25 12:46:58,1176840518015356928
2019-09-25 11:24:02,1176819645699043328
2019-09-25 11:14:03,1176817132782411776
2019-09-25 03:41:45,1176703309488562178
2019-09-25 03:37:24,1176702213613334535
2019-09-25 03:34:49,1176701564624543744
2019-09-25 03:17:40,1176697246680780800
2019-09-25 03:04:28,1176693927015002113
2019-09-25 02:55:52,1176691762934484994
2019-09-25 02:35:04,1176686526006276097
2019-09-25 02:26:39,1176684407677210624
2019-09-24 23:17:48,1176636881779470337
2019-09-24 22:22:40,1176623010230525953
2019-09-24 21:32:32,1176610391058722816
2019-09-24 21:17:42,1176606660279898112
2019-09-24 21:14:05,1176605750657003520
2019-09-24 21:11:15,1176605037700759558
2019-09-24 21:08:01,1176604222709751809
2019-09-24 19:13:13,1176575332159295489
2019-09-24 18:52:31,1176570123643060224
2019-09-24 18:51:25,1176569846684766208
2019-09-24 18:12:11,1176559970390806530
2019-09-24 18:12:09,1176559966024556544
2019-09-24 04:20:41,1176350720544727040
2019-09-24 04:18:12,1176350091743039488
2019-09-24 04:04:32,1176346653550362626
2019-09-24 04:02:04,1176346033678430210
2019-09-24 03:55:29,1176344378144673793
2019-09-24 03:36:12,1176339522113679360
2019-09-24 00:37:02,1176294435489046528
2019-09-23 23:24:31,1176276184054685697
2019-09-23 23:15:15,1176273854861336576
2019-09-23 22:44:25,1176266094740475905
2019-09-23 20:21:42,1176230179448008705
2019-09-23 19:37:27,1176219043965079552
2019-09-23 18:57:35,1176209011886026752
2019-09-23 18:57:29,1176208983905824769
2019-09-23 15:29:11,1176156564274712576
2019-09-23 15:29:08,1176156553692536832
2019-09-23 03:03:47,1175968979539628032
2019-09-23 00:06:54,1175924464116097024
2019-09-23 00:03:56,1175923717534150656
2019-09-23 00:03:55,1175923713952235520
2019-09-22 23:42:10,1175918239920140288
2019-09-22 21:27:46,1175884418122076165
2019-09-22 19:05:45,1175848677145042944
2019-09-22 19:03:37,1175848139112308739
2019-09-22 18:11:17,1175834968607666178
2019-09-22 15:34:01,1175795391310155782
2019-09-22 15:28:48,1175794079902261252
2019-09-22 15:22:23,1175792466592555008
2019-09-22 14:39:53,1175781770974744579
2019-09-22 14:29:04,1175779048846319616
2019-09-22 13:39:34,1175766589540405248
2019-09-22 13:39:21,1175766536293736449
2019-09-22 13:39:20,1175766532590145536
2019-09-22 13:39:19,1175766528743968769
2019-09-22 01:49:00,1175587770393341952
2019-09-22 00:18:11,1175564914901114882
2019-09-22 00:15:59,1175564363601776640
2019-09-22 00:04:46,1175561537458757632
2019-09-22 00:04:45,1175561536510812163
2019-09-21 22:47:22,1175542062483218432
2019-09-21 21:50:08,1175527658551173120
2019-09-21 21:47:50,1175527079544332288
2019-09-21 21:47:50,1175527078005002240
2019-09-21 21:43:07,1175525893294440449
2019-09-21 21:11:33,1175517948187947009
2019-09-21 21:10:48,1175517758697758721
2019-09-21 19:32:26,1175493003785449472
2019-09-21 19:30:04,1175492408412430336
2019-09-21 19:28:32,1175492022662287361
2019-09-21 18:04:19,1175470829125193728
2019-09-21 16:57:31,1175454019629789184
2019-09-21 14:02:16,1175409914384125952
2019-09-21 12:53:55,1175392716110401543
2019-09-21 12:31:36,1175387096649011200
2019-09-21 12:31:35,1175387095814348802
2019-09-21 04:34:58,1175267150799540224
2019-09-21 04:11:00,1175261118161461250
2019-09-20 20:55:41,1175151567265247233
2019-09-20 20:35:37,1175146517843324928
2019-09-20 19:36:05,1175131536720650242
2019-09-20 18:31:19,1175115237005152258